TITULO,CANTIDAD
Nuevo Libro,3
Nuevo Libro,3
Nuevo Libro,6
Nuevo Libro,3
Nuevo Libro,3
juancito,9
principito,5
papitochulo,4
Nuevo Libro,3
Nuevo Libro,3
pepito,10
luca,0
Nuevo Libro,3
juanpete,4
luci,2
Nuevo Libro,3
Nuevo Libro,3
Nuevo Libro,3
Nuevo Libro,3
Nuevo Libro,3
Nuevo Libro,3
Nuevo Libro,3
Nuevo Libro,3
Nuevo Libro,3
juan,1
elias,4
Nuevo Libro,3
Nuevo Libro,3
Nuevo Libro,3
Nuevo Libro,3
Nuevo Libro,3
Nuevo Libro,3
Nuevo Libro,3
Nuevo Libro,3
Nuevo Libro,3
